时间,气温,风力等级,日出时间,日落时间,天气
2023-12-12 00:00:00,-5.000512983384831,2,2023-12-12 07:15:00,2023-12-12 16:54:00,多云
2023-12-12 01:00:00,-4.054682102023024,2,2023-12-12 07:15:00,2023-12-12 16:54:00,多云
2023-12-12 02:00:00,-3.961413819104494,2,2023-12-12 07:15:00,2023-12-12 16:54:00,多云
2023-12-12 03:00:00,-4.003675327710279,1,2023-12-12 07:15:00,2023-12-12 16:54:00,多云
2023-12-12 04:00:00,-4.0043165667678,1,2023-12-12 07:15:00,2023-12-12 16:54:00,多云
2023-12-12 05:00:00,-3.955220325578086,1,2023-12-12 07:15:00,2023-12-12 16:54:00,多云
2023-12-12 06:00:00,-4.062818301198704,1,2023-12-12 07:15:00,2023-12-12 16:54:00,多云
2023-12-12 07:00:00,-5.140731663723929,1,2023-12-12 07:15:00,2023-12-12 16:54:00,晴
2023-12-12 08:00:00,-5.6416623312418555,1,2023-12-12 07:15:00,2023-12-12 16:54:00,晴
2023-12-12 09:00:00,-3.20893516293039,1,2023-12-12 07:15:00,2023-12-12 16:54:00,晴
2023-12-12 10:00:00,-1.0146039644843479,1,2023-12-12 07:15:00,2023-12-12 16:54:00,晴
2023-12-12 11:00:00,0.037923899135179205,2,2023-12-12 07:15:00,2023-12-12 16:54:00,晴
2023-12-12 12:00:00,1.043313734371659,2,2023-12-12 07:15:00,2023-12-12 16:54:00,晴
2023-12-12 13:00:00,1.9204205246842265,2,2023-12-12 07:15:00,2023-12-12 16:54:00,晴
2023-12-12 14:00:00,2.040259774937816,2,2023-12-12 07:15:00,2023-12-12 16:54:00,晴
2023-12-12 15:00:00,2.0358858939816686,2,2023-12-12 07:15:00,2023-12-12 16:54:00,晴
2023-12-12 16:00:00,1.9720364121780005,2,2023-12-12 07:15:00,2023-12-12 16:54:00,晴
2023-12-12 17:00:00,0.8643262957207001,2,2023-12-12 07:15:00,2023-12-12 16:54:00,晴
2023-12-12 18:00:00,-0.7581951772391657,1,2023-12-12 07:15:00,2023-12-12 16:54:00,晴
2023-12-12 19:00:00,-1.1713119253158122,1,2023-12-12 07:15:00,2023-12-12 16:54:00,晴
2023-12-12 20:00:00,-1.9958368721221142,1,2023-12-12 07:15:00,2023-12-12 16:54:00,晴
2023-12-12 21:00:00,-2.9353287782832687,1,2023-12-12 07:15:00,2023-12-12 16:54:00,晴
2023-12-12 22:00:00,-2.9449345648436864,1,2023-12-12 07:15:00,2023-12-12 16:54:00,晴
2023-12-12 23:00:00,-3.2466701079649325,2,2023-12-12 07:15:00,2023-12-12 16:54:00,晴
2023-12-13 00:00:00,-4.805520237032932,2,2023-12-13 07:16:00,2023-12-13 16:54:00,晴
2023-12-13 01:00:00,-4.969600449652762,2,2023-12-13 07:16:00,2023-12-13 16:54:00,晴
2023-12-13 02:00:00,-4.1126604546099825,2,2023-12-13 07:16:00,2023-12-13 16:54:00,晴
2023-12-13 03:00:00,-3.951418595839222,2,2023-12-13 07:16:00,2023-12-13 16:54:00,晴
2023-12-13 04:00:00,-3.9996457675772246,2,2023-12-13 07:16:00,2023-12-13 16:54:00,晴
2023-12-13 05:00:00,-4.045213586332283,2,2023-12-13 07:16:00,2023-12-13 16:54:00,多云
2023-12-13 06:00:00,-3.9169166407002725,2,2023-12-13 07:16:00,2023-12-13 16:54:00,多云
2023-12-13 07:00:00,-3.037623486323208,2,2023-12-13 07:16:00,2023-12-13 16:54:00,多云
2023-12-13 08:00:00,-1.9933398397138176,2,2023-12-13 07:16:00,2023-12-13 16:54:00,晴
2023-12-13 09:00:00,-0.9478396007138532,2,2023-12-13 07:16:00,2023-12-13 16:54:00,多云
2023-12-13 10:00:00,-0.0765392768365284,2,2023-12-13 07:16:00,2023-12-13 16:54:00,小雪
2023-12-13 11:00:00,0.04388273714767336,2,2023-12-13 07:16:00,2023-12-13 16:54:00,小雪
2023-12-13 12:00:00,-0.004218520058635889,2,2023-12-13 07:16:00,2023-12-13 16:54:00,阴
2023-12-13 13:00:00,-0.00028850659432942417,2,2023-12-13 07:16:00,2023-12-13 16:54:00,阴
2023-12-13 14:00:00,0.0043857043460409344,2,2023-12-13 07:16:00,2023-12-13 16:54:00,阴
2023-12-13 15:00:00,-0.05411629568112153,2,2023-12-13 07:16:00,2023-12-13 16:54:00,阴
2023-12-13 16:00:00,0.17958857126358804,2,2023-12-13 07:16:00,2023-12-13 16:54:00,阴
2023-12-13 17:00:00,0.7546424247360982,2,2023-12-13 07:16:00,2023-12-13 16:54:00,阴
2023-12-13 18:00:00,0.11834818134528595,2,2023-12-13 07:16:00,2023-12-13 16:54:00,阴
2023-12-13 19:00:00,0.07718565348518322,2,2023-12-13 07:16:00,2023-12-13 16:54:00,阴
2023-12-13 20:00:00,0.8850485658528511,2,2023-12-13 07:16:00,2023-12-13 16:54:00,阴
2023-12-13 21:00:00,1.0481399550510297,2,2023-12-13 07:16:00,2023-12-13 16:54:00,阴
2023-12-13 22:00:00,0.9957599571026359,2,2023-12-13 07:16:00,2023-12-13 16:54:00,阴
2023-12-13 23:00:00,0.9999858420688221,2,2023-12-13 07:16:00,2023-12-13 16:54:00,阴
2023-12-14 00:00:00,0.9998418514140486,2,2023-12-14 07:17:00,2023-12-14 16:54:00,阴
2023-12-14 01:00:00,1.0000922646763637,2,2023-12-14 07:17:00,2023-12-14 16:54:00,阴
2023-12-14 02:00:00,0.9999531865506209,3,2023-12-14 07:17:00,2023-12-14 16:54:00,阴
2023-12-14 03:00:00,1.0001026422947783,3,2023-12-14 07:17:00,2023-12-14 16:54:00,阴
2023-12-14 04:00:00,0.9997990237128753,3,2023-12-14 07:17:00,2023-12-14 16:54:00,阴
2023-12-14 05:00:00,1.0001010190476374,3,2023-12-14 07:17:00,2023-12-14 16:54:00,阴
2023-12-14 06:00:00,0.9955112330296021,3,2023-12-14 07:17:00,2023-12-14 16:54:00,阴
2023-12-14 07:00:00,1.0501740315966397,3,2023-12-14 07:17:00,2023-12-14 16:54:00,阴
2023-12-14 08:00:00,0.8681991930047399,3,2023-12-14 07:17:00,2023-12-14 16:54:00,阴
2023-12-14 09:00:00,0.11811213287430294,3,2023-12-14 07:17:00,2023-12-14 16:54:00,阴
2023-12-14 10:00:00,-0.04839376695162001,3,2023-12-14 07:17:00,2023-12-14 16:54:00,阴
2023-12-14 11:00:00,0.004595870895932315,3,2023-12-14 07:17:00,2023-12-14 16:54:00,阴
2023-12-14 12:00:00,-0.004484915994170205,3,2023-12-14 07:17:00,2023-12-14 16:54:00,小雨夹雪
2023-12-14 13:00:00,0.050234743694336954,3,2023-12-14 07:17:00,2023-12-14 16:54:00,雪
2023-12-14 14:00:00,-0.13243965935541885,3,2023-12-14 07:17:00,2023-12-14 16:54:00,大雪
2023-12-14 15:00:00,-0.8872649916079606,3,2023-12-14 07:17:00,2023-12-14 16:54:00,大雪
2023-12-14 16:00:00,-0.9978708410951871,3,2023-12-14 07:17:00,2023-12-14 16:54:00,大雪
2023-12-14 17:00:00,-1.1327772750110534,3,2023-12-14 07:17:00,2023-12-14 16:54:00,小雪
2023-12-14 18:00:00,-1.837188526275316,3,2023-12-14 07:17:00,2023-12-14 16:54:00,阴
2023-12-14 19:00:00,-2.1308258787931975,3,2023-12-14 07:17:00,2023-12-14 16:54:00,阴
2023-12-14 20:00:00,-3.0120359937205476,3,2023-12-14 07:17:00,2023-12-14 16:54:00,阴
2023-12-14 21:00:00,-3.9359745600665614,3,2023-12-14 07:17:00,2023-12-14 16:54:00,阴
2023-12-14 22:00:00,-3.992884664206804,3,2023-12-14 07:17:00,2023-12-14 16:54:00,阴
2023-12-14 23:00:00,-4.12921244587193,3,2023-12-14 07:17:00,2023-12-14 16:54:00,阴
2023-12-15 00:00:00,-4.883872005183119,3,2023-12-15 07:17:00,2023-12-15 16:54:00,阴
2023-12-15 01:00:00,-5.047754987893267,3,2023-12-15 07:17:00,2023-12-15 16:54:00,阴
2023-12-15 02:00:00,-4.999990456914891,3,2023-12-15 07:17:00,2023-12-15 16:54:00,阴
2023-12-15 03:00:00,-4.949701744698052,3,2023-12-15 07:17:00,2023-12-15 16:54:00,阴
2023-12-15 04:00:00,-5.133764961743416,3,2023-12-15 07:17:00,2023-12-15 16:54:00,阴
2023-12-15 05:00:00,-5.8848310745573755,2,2023-12-15 07:17:00,2023-12-15 16:54:00,阴
2023-12-15 06:00:00,-6.043166125183893,2,2023-12-15 07:17:00,2023-12-15 16:54:00,多云
2023-12-15 07:00:00,-6.050331535126178,2,2023-12-15 07:17:00,2023-12-15 16:54:00,阴
2023-12-15 08:00:00,-5.810567008175261,2,2023-12-15 07:17:00,2023-12-15 16:54:00,多云
2023-12-15 09:00:00,-5.295924168236689,3,2023-12-15 07:17:00,2023-12-15 16:54:00,晴
2023-12-15 10:00:00,-5.757292435619733,3,2023-12-15 07:17:00,2023-12-15 16:54:00,晴
2023-12-15 11:00:00,-4.981517275620144,3,2023-12-15 07:17:00,2023-12-15 16:54:00,多云
2023-12-15 12:00:00,-4.197727018032057,3,2023-12-15 07:17:00,2023-12-15 16:54:00,多云
2023-12-15 13:00:00,-4.846924974689085,3,2023-12-15 07:17:00,2023-12-15 16:54:00,多云
2023-12-15 14:00:00,-5.00557218570621,3,2023-12-15 07:17:00,2023-12-15 16:54:00,多云
2023-12-15 15:00:00,-5.085220060472733,2,2023-12-15 07:17:00,2023-12-15 16:54:00,晴
2023-12-15 16:00:00,-5.975366417862918,2,2023-12-15 07:17:00,2023-12-15 16:54:00,多云
2023-12-15 17:00:00,-7.027433683602907,3,2023-12-15 07:17:00,2023-12-15 16:54:00,多云
2023-12-15 18:00:00,-7.972378568873148,3,2023-12-15 07:17:00,2023-12-15 16:54:00,多云
2023-12-15 19:00:00,-9.109047888204667,3,2023-12-15 07:17:00,2023-12-15 16:54:00,多云
2023-12-15 20:00:00,-10.990721495810046,3,2023-12-15 07:17:00,2023-12-15 16:54:00,多云
2023-12-15 21:00:00,-13.09386808616817,3,2023-12-15 07:17:00,2023-12-15 16:54:00,多云
2023-12-15 22:00:00,-14.898341940680849,3,2023-12-15 07:17:00,2023-12-15 16:54:00,多云
2023-12-15 23:00:00,-16.194967820341773,3,2023-12-15 07:17:00,2023-12-15 16:54:00,多云
2023-12-16 00:00:00,-17.9528253938046,3,2023-12-16 07:18:00,2023-12-16 16:55:00,多云
2023-12-16 01:00:00,-18.92646791441539,3,2023-12-16 07:18:00,2023-12-16 16:55:00,多云
2023-12-16 02:00:00,-19.17524087215798,3,2023-12-16 07:18:00,2023-12-16 16:55:00,多云
2023-12-16 03:00:00,-19.88212230565098,3,2023-12-16 07:18:00,2023-12-16 16:55:00,多云
2023-12-16 04:00:00,-20.038900552726577,3,2023-12-16 07:18:00,2023-12-16 16:55:00,多云
2023-12-16 05:00:00,-20.083411690776998,3,2023-12-16 07:18:00,2023-12-16 16:55:00,多云
2023-12-16 06:00:00,-19.878275723446315,3,2023-12-16 07:18:00,2023-12-16 16:55:00,多云
2023-12-16 07:00:00,-17.798384088032176,3,2023-12-16 07:18:00,2023-12-16 16:55:00,多云
2023-12-16 08:00:00,-15.391184061452272,3,2023-12-16 07:18:00,2023-12-16 16:55:00,多云
2023-12-16 09:00:00,-14.495443698927652,3,2023-12-16 07:18:00,2023-12-16 16:55:00,多云
2023-12-16 10:00:00,-12.309600175684762,3,2023-12-16 07:18:00,2023-12-16 16:55:00,多云
2023-12-16 11:00:00,-10.744810957277464,3,2023-12-16 07:18:00,2023-12-16 16:55:00,多云
2023-12-16 12:00:00,-9.052485119026134,3,2023-12-16 07:18:00,2023-12-16 16:55:00,晴
2023-12-16 13:00:00,-8.021193322023036,3,2023-12-16 07:18:00,2023-12-16 16:55:00,晴
2023-12-16 14:00:00,-7.966626529076183,3,2023-12-16 07:18:00,2023-12-16 16:55:00,晴
2023-12-16 15:00:00,-7.953298237147522,3,2023-12-16 07:18:00,2023-12-16 16:55:00,晴
2023-12-16 16:00:00,-8.138939343198839,3,2023-12-16 07:18:00,2023-12-16 16:55:00,晴
2023-12-16 17:00:00,-8.892978584420995,3,2023-12-16 07:18:00,2023-12-16 16:55:00,晴
2023-12-16 18:00:00,-8.99618819186291,3,2023-12-16 07:18:00,2023-12-16 16:55:00,晴
2023-12-16 19:00:00,-9.134572836469413,3,2023-12-16 07:18:00,2023-12-16 16:55:00,晴
2023-12-16 20:00:00,-9.893423837196858,3,2023-12-16 07:18:00,2023-12-16 16:55:00,晴
2023-12-16 21:00:00,-9.995958541893716,3,2023-12-16 07:18:00,2023-12-16 16:55:00,晴
2023-12-16 22:00:00,-10.135006404073447,3,2023-12-16 07:18:00,2023-12-16 16:55:00,晴
2023-12-16 23:00:00,-10.893836578313437,3,2023-12-16 07:18:00,2023-12-16 16:55:00,晴
2023-12-17 00:00:00,-10.99571161575105,2,2023-12-17 07:19:00,2023-12-17 16:55:00,晴
2023-12-17 01:00:00,-11.135424310154336,2,2023-12-17 07:19:00,2023-12-17 16:55:00,晴
2023-12-17 02:00:00,-11.889614198872929,2,2023-12-17 07:19:00,2023-12-17 16:55:00,晴
2023-12-17 03:00:00,-12.042266797063679,2,2023-12-17 07:19:00,2023-12-17 16:55:00,晴
2023-12-17 04:00:00,-12.038091838499735,2,2023-12-17 07:19:00,2023-12-17 16:55:00,晴
2023-12-17 05:00:00,-11.953330790213643,2,2023-12-17 07:19:00,2023-12-17 16:55:00,晴
2023-12-17 06:00:00,-10.927083184286678,2,2023-12-17 07:19:00,2023-12-17 16:55:00,多云
2023-12-17 07:00:00,-8.937988413594928,2,2023-12-17 07:19:00,2023-12-17 16:55:00,多云
2023-12-17 08:00:00,-7.040549912342998,2,2023-12-17 07:19:00,2023-12-17 16:55:00,多云
2023-12-17 09:00:00,-5.879258580661376,2,2023-12-17 07:19:00,2023-12-17 16:55:00,多云
2023-12-17 10:00:00,-5.1228258764235735,2,2023-12-17 07:19:00,2023-12-17 16:55:00,多云
2023-12-17 11:00:00,-4.816764048826859,2,2023-12-17 07:19:00,2023-12-17 16:55:00,多云
2023-12-17 12:00:00,-4.113488924727878,2,2023-12-17 07:19:00,2023-12-17 16:55:00,多云
2023-12-17 13:00:00,-3.9578893088776894,2,2023-12-17 07:19:00,2023-12-17 16:55:00,多云
2023-12-17 14:00:00,-3.952961347375515,2,2023-12-17 07:19:00,2023-12-17 16:55:00,多云
2023-12-17 15:00:00,-4.150717238187845,2,2023-12-17 07:19:00,2023-12-17 16:55:00,多云
2023-12-17 16:00:00,-4.792701779851771,2,2023-12-17 07:19:00,2023-12-17 16:55:00,多云
2023-12-17 17:00:00,-5.287803754152162,2,2023-12-17 07:19:00,2023-12-17 16:55:00,多云
2023-12-17 18:00:00,-6.8177162018707635,2,2023-12-17 07:19:00,2023-12-17 16:55:00,多云
2023-12-17 19:00:00,-8.269577585075092,2,2023-12-17 07:19:00,2023-12-17 16:55:00,多云
2023-12-17 20:00:00,-9.825391068100442,2,2023-12-17 07:19:00,2023-12-17 16:55:00,多云
2023-12-17 21:00:00,-10.037784577935632,2,2023-12-17 07:19:00,2023-12-17 16:55:00,多云
2023-12-17 22:00:00,-10.133165315792747,2,2023-12-17 07:19:00,2023-12-17 16:55:00,多云
2023-12-17 23:00:00,-10.896780349255517,2,2023-12-17 07:19:00,2023-12-17 16:55:00,多云
2023-12-18 00:00:00,-10.994644734662344,2,2023-12-18 07:19:00,2023-12-18 16:55:00,多云
2023-12-18 01:00:00,-11.138762010304749,2,2023-12-18 07:19:00,2023-12-18 16:55:00,多云
2023-12-18 02:00:00,-11.892267299104548,2,2023-12-18 07:19:00,2023-12-18 16:55:00,多云
2023-12-18 03:00:00,-12.046363936785283,2,2023-12-18 07:19:00,2023-12-18 16:55:00,多云
2023-12-18 04:00:00,-11.98664417151791,2,2023-12-18 07:19:00,2023-12-18 16:55:00,多云
2023-12-18 05:00:00,-12.094566280123374,2,2023-12-18 07:19:00,2023-12-18 16:55:00,多云
2023-12-18 06:00:00,-11.807372750037326,2,2023-12-18 07:19:00,2023-12-18 16:55:00,多云
2023-12-18 07:00:00,-10.021205252758246,2,2023-12-18 07:19:00,2023-12-18 16:55:00,多云
2023-12-18 08:00:00,-7.932067197174992,2,2023-12-18 07:19:00,2023-12-18 16:55:00,晴
2023-12-18 09:00:00,-5.888820531373036,2,2023-12-18 07:19:00,2023-12-18 16:55:00,晴
2023-12-18 10:00:00,-4.032448859206905,2,2023-12-18 07:19:00,2023-12-18 16:55:00,晴
2023-12-18 11:00:00,-2.925913017302773,2,2023-12-18 07:19:00,2023-12-18 16:55:00,晴
2023-12-18 12:00:00,-1.9767475578028852,2,2023-12-18 07:19:00,2023-12-18 16:55:00,晴
2023-12-18 13:00:00,-0.9244121122796709,2,2023-12-18 07:19:00,2023-12-18 16:55:00,晴
2023-12-18 14:00:00,-0.025847744865633862,2,2023-12-18 07:19:00,2023-12-18 16:55:00,晴
2023-12-18 15:00:00,0.039561992927493475,2,2023-12-18 07:19:00,2023-12-18 16:55:00,晴
2023-12-18 16:00:00,-1.1908826788492621,2,2023-12-18 07:19:00,2023-12-18 16:55:00,晴
2023-12-18 17:00:00,-4.0215422579033016,2,2023-12-18 07:19:00,2023-12-18 16:55:00,晴
2023-12-18 18:00:00,-7.110106652092258,2,2023-12-18 07:19:00,2023-12-18 16:55:00,晴
2023-12-18 19:00:00,-10.097410512684107,2,2023-12-18 07:19:00,2023-12-18 16:55:00,晴
2023-12-18 20:00:00,-13.141188024186674,2,2023-12-18 07:19:00,2023-12-18 16:55:00,晴
2023-12-18 21:00:00,-16.100397227360727,2,2023-12-18 07:19:00,2023-12-18 16:55:00,晴
2023-12-18 22:00:00,-17.91471537977863,2,2023-12-18 07:19:00,2023-12-18 16:55:00,晴
2023-12-18 23:00:00,-18.083351692813682,2,2023-12-18 07:19:00,2023-12-18 16:55:00,晴
2023-12-19 00:00:00,-17.938773063066357,3,2023-12-19 07:20:00,2023-12-19 16:56:00,晴
2023-12-19 01:00:00,-18.146405728067375,3,2023-12-19 07:20:00,2023-12-19 16:56:00,多云
2023-12-19 02:00:00,-18.894199750814312,3,2023-12-19 07:20:00,2023-12-19 16:56:00,多云
2023-12-19 03:00:00,-19.04648340184494,3,2023-12-19 07:20:00,2023-12-19 16:56:00,多云
2023-12-19 04:00:00,-18.973287973003476,3,2023-12-19 07:20:00,2023-12-19 16:56:00,多云
2023-12-19 05:00:00,-19.251960726908194,3,2023-12-19 07:20:00,2023-12-19 16:56:00,多云
2023-12-19 06:00:00,-18.36181642302209,3,2023-12-19 07:20:00,2023-12-19 16:56:00,多云
2023-12-19 07:00:00,-14.32300008185377,3,2023-12-19 07:20:00,2023-12-19 16:56:00,多云
2023-12-19 08:00:00,-11.77932776690296,3,2023-12-19 07:20:00,2023-12-19 16:56:00,晴
2023-12-19 09:00:00,-9.944351817541591,3,2023-12-19 07:20:00,2023-12-19 16:56:00,晴
2023-12-19 10:00:00,-7.877578709053005,3,2023-12-19 07:20:00,2023-12-19 16:56:00,晴
2023-12-19 11:00:00,-6.030210562868067,3,2023-12-19 07:20:00,2023-12-19 16:56:00,晴
2023-12-19 12:00:00,-4.877663966934023,3,2023-12-19 07:20:00,2023-12-19 16:56:00,晴
2023-12-19 13:00:00,-4.027526793829809,3,2023-12-19 07:20:00,2023-12-19 16:56:00,晴
2023-12-19 14:00:00,-3.967372035116897,3,2023-12-19 07:20:00,2023-12-19 16:56:00,晴
2023-12-19 15:00:00,-5.148425148812521,3,2023-12-19 07:20:00,2023-12-19 16:56:00,晴
2023-12-19 16:00:00,-8.18471309201441,3,2023-12-19 07:20:00,2023-12-19 16:56:00,晴
2023-12-19 17:00:00,-12.008231290380914,3,2023-12-19 07:20:00,2023-12-19 16:56:00,晴
2023-12-19 18:00:00,-15.310554327229415,3,2023-12-19 07:20:00,2023-12-19 16:56:00,晴
2023-12-19 19:00:00,-17.758816989135042,3,2023-12-19 07:20:00,2023-12-19 16:56:00,晴
2023-12-19 20:00:00,-18.276900080919333,3,2023-12-19 07:20:00,2023-12-19 16:56:00,晴
2023-12-19 21:00:00,-18.831225573261026,3,2023-12-19 07:20:00,2023-12-19 16:56:00,晴
2023-12-19 22:00:00,-19.194862893303952,3,2023-12-19 07:20:00,2023-12-19 16:56:00,晴
2023-12-19 23:00:00,-19.892710650872072,3,2023-12-19 07:20:00,2023-12-19 16:56:00,多云
2023-12-20 00:00:00,-20.050560993516758,2,2023-12-20 07:20:00,2023-12-20 16:56:00,多云
2023-12-20 01:00:00,-19.942692685736596,2,2023-12-20 07:20:00,2023-12-20 16:56:00,多云
2023-12-20 02:00:00,-20.149425522566112,2,2023-12-20 07:20:00,2023-12-20 16:56:00,多云
2023-12-20 03:00:00,-20.89297425231412,2,2023-12-20 07:20:00,2023-12-20 16:56:00,多云
2023-12-20 04:00:00,-21.090108615213694,2,2023-12-20 07:20:00,2023-12-20 16:56:00,多云
2023-12-20 05:00:00,-20.937123900367308,2,2023-12-20 07:20:00,2023-12-20 16:56:00,多云
2023-12-20 06:00:00,-19.96002676246175,2,2023-12-20 07:20:00,2023-12-20 16:56:00,多云
2023-12-20 07:00:00,-17.69394934179648,2,2023-12-20 07:20:00,2023-12-20 16:56:00,多云
2023-12-20 08:00:00,-15.370621600504453,2,2023-12-20 07:20:00,2023-12-20 16:56:00,晴
2023-12-20 09:00:00,-14.465501285924224,2,2023-12-20 07:20:00,2023-12-20 16:56:00,晴
2023-12-20 10:00:00,-12.267423679449012,2,2023-12-20 07:20:00,2023-12-20 16:56:00,晴
2023-12-20 11:00:00,-10.715779252350108,2,2023-12-20 07:20:00,2023-12-20 16:56:00,晴
2023-12-20 12:00:00,-9.019933861215922,2,2023-12-20 07:20:00,2023-12-20 16:56:00,晴
2023-12-20 13:00:00,-8.013372201945092,2,2023-12-20 07:20:00,2023-12-20 16:56:00,晴
2023-12-20 14:00:00,-7.97334739370572,2,2023-12-20 07:20:00,2023-12-20 16:56:00,晴
2023-12-20 15:00:00,-7.902712750400039,2,2023-12-20 07:20:00,2023-12-20 16:56:00,晴
2023-12-20 16:00:00,-8.263219529815041,2,2023-12-20 07:20:00,2023-12-20 16:56:00,晴
2023-12-20 17:00:00,-9.792136235765328,2,2023-12-20 07:20:00,2023-12-20 16:56:00,晴
2023-12-20 18:00:00,-11.453520901838282,2,2023-12-20 07:20:00,2023-12-20 16:56:00,多云
2023-12-20 19:00:00,-13.630805100693816,1,2023-12-20 07:20:00,2023-12-20 16:56:00,多云
2023-12-20 20:00:00,-14.439413015528363,2,2023-12-20 07:20:00,2023-12-20 16:56:00,晴
2023-12-20 21:00:00,-15.738010199007588,2,2023-12-20 07:20:00,2023-12-20 16:56:00,晴
2023-12-20 22:00:00,-16.190349678955155,2,2023-12-20 07:20:00,2023-12-20 16:56:00,多云
2023-12-20 23:00:00,-17.04265474661404,2,2023-12-20 07:20:00,2023-12-20 16:56:00,多云
2023-12-21 00:00:00,-17.950994876334644,2,2023-12-21 07:21:00,2023-12-21 16:56:00,多云
2023-12-21 01:00:00,-17.987221756821626,1,2023-12-21 07:21:00,2023-12-21 16:56:00,多云
2023-12-21 02:00:00,-18.152718175224564,1,2023-12-21 07:21:00,2023-12-21 16:56:00,多云
2023-12-21 03:00:00,-18.843110755578582,1,2023-12-21 07:21:00,2023-12-21 16:56:00,多云
2023-12-21 04:00:00,-19.251334813213017,2,2023-12-21 07:21:00,2023-12-21 16:56:00,多云
2023-12-21 05:00:00,-19.738437014416355,1,2023-12-21 07:21:00,2023-12-21 16:56:00,晴
2023-12-21 06:00:00,-19.19748410995821,1,2023-12-21 07:21:00,2023-12-21 16:56:00,晴
2023-12-21 07:00:00,-18.775006526425894,2,2023-12-21 07:21:00,2023-12-21 16:56:00,晴
2023-12-21 08:00:00,-18.3637508826711,2,2023-12-21 07:21:00,2023-12-21 16:56:00,晴
2023-12-21 09:00:00,-17.232535550015523,1,2023-12-21 07:21:00,2023-12-21 16:56:00,晴
2023-12-21 10:00:00,-13.444892916865175,1,2023-12-21 07:21:00,2023-12-21 16:56:00,晴
2023-12-21 11:00:00,-11.618209419364366,2,2023-12-21 07:21:00,2023-12-21 16:56:00,晴
2023-12-21 12:00:00,-10.020396338439133,2,2023-12-21 07:21:00,2023-12-21 16:56:00,晴
2023-12-21 13:00:00,-9.011799951462056,2,2023-12-21 07:21:00,2023-12-21 16:56:00,晴
2023-12-21 14:00:00,-8.969076815040454,2,2023-12-21 07:21:00,2023-12-21 16:56:00,晴
2023-12-21 15:00:00,-8.95534857378704,2,2023-12-21 07:21:00,2023-12-21 16:56:00,晴
2023-12-21 16:00:00,-9.105846632626777,2,2023-12-21 07:21:00,2023-12-21 16:56:00,晴
2023-12-21 17:00:00,-10.007783507644472,2,2023-12-21 07:21:00,2023-12-21 16:56:00,晴
2023-12-21 18:00:00,-11.053329104886474,2,2023-12-21 07:21:00,2023-12-21 16:56:00,晴
2023-12-21 19:00:00,-12.044540082878813,2,2023-12-21 07:21:00,2023-12-21 16:56:00,晴
2023-12-21 20:00:00,-13.102750681092449,2,2023-12-21 07:21:00,2023-12-21 16:56:00,晴
2023-12-21 21:00:00,-13.8938169064411,2,2023-12-21 07:21:00,2023-12-21 16:56:00,晴
2023-12-21 22:00:00,-14.146860446646759,2,2023-12-21 07:21:00,2023-12-21 16:56:00,晴
2023-12-21 23:00:00,-14.991930390463398,2,2023-12-21 07:21:00,2023-12-21 16:56:00,晴
2023-12-22 00:00:00,-16.213943425677016,1,2023-12-22 07:21:00,2023-12-22 16:57:00,晴
2023-12-22 01:00:00,-16.58429353027959,2,2023-12-22 07:21:00,2023-12-22 16:57:00,晴
2023-12-22 02:00:00,-15.335700627019921,2,2023-12-22 07:21:00,2023-12-22 16:57:00,晴
2023-12-22 03:00:00,-15.969026854860454,1,2023-12-22 07:21:00,2023-12-22 16:57:00,多云
2023-12-22 04:00:00,-16.900178278815005,1,2023-12-22 07:21:00,2023-12-22 16:57:00,多云
2023-12-22 05:00:00,-17.24463535472507,1,2023-12-22 07:21:00,2023-12-22 16:57:00,多云
2023-12-22 06:00:00,-17.796609071456338,2,2023-12-22 07:21:00,2023-12-22 16:57:00,多云
2023-12-22 07:00:00,-16.97108029038975,2,2023-12-22 07:21:00,2023-12-22 16:57:00,晴
2023-12-22 08:00:00,-16.185320856983484,1,2023-12-22 07:21:00,2023-12-22 16:57:00,晴
2023-12-22 09:00:00,-15.744298659317103,1,2023-12-22 07:21:00,2023-12-22 16:57:00,晴
2023-12-22 10:00:00,-12.668849736845498,1,2023-12-22 07:21:00,2023-12-22 16:57:00,晴
2023-12-22 11:00:00,-7.869394791429601,1,2023-12-22 07:21:00,2023-12-22 16:57:00,晴
2023-12-22 12:00:00,-5.13016446956035,1,2023-12-22 07:21:00,2023-12-22 16:57:00,晴
2023-12-22 13:00:00,-4.73111011639374,1,2023-12-22 07:21:00,2023-12-22 16:57:00,晴
2023-12-22 14:00:00,-4.113113412548509,2,2023-12-22 07:21:00,2023-12-22 16:57:00,晴
2023-12-22 15:00:00,-3.9024295591669556,1,2023-12-22 07:21:00,2023-12-22 16:57:00,晴
2023-12-22 16:00:00,-4.16623122974387,2,2023-12-22 07:21:00,2023-12-22 16:57:00,晴
2023-12-22 17:00:00,-4.860191868703209,1,2023-12-22 07:21:00,2023-12-22 16:57:00,晴
2023-12-22 18:00:00,-5.09949699318574,1,2023-12-22 07:21:00,2023-12-22 16:57:00,多云
2023-12-22 19:00:00,-6.167125566652751,2,2023-12-22 07:21:00,2023-12-22 16:57:00,多云
2023-12-22 20:00:00,-7.9598783613026605,2,2023-12-22 07:21:00,2023-12-22 16:57:00,多云
2023-12-22 21:00:00,-9.15241154453548,2,2023-12-22 07:21:00,2023-12-22 16:57:00,多云
2023-12-22 22:00:00,-9.891899972990098,2,2023-12-22 07:21:00,2023-12-22 16:57:00,多云
2023-12-22 23:00:00,-10.149205126786546,2,2023-12-22 07:21:00,2023-12-22 16:57:00,多云
2023-12-23 00:00:00,-11.005944509227188,2,2023-12-23 07:22:00,2023-12-23 16:57:00,多云
2023-12-23 01:00:00,-12.11337848084244,2,2023-12-23 07:22:00,2023-12-23 16:57:00,多云
2023-12-23 02:00:00,-12.892213011744538,2,2023-12-23 07:22:00,2023-12-23 16:57:00,多云
2023-12-23 03:00:00,-13.19912546505626,1,2023-12-23 07:22:00,2023-12-23 16:57:00,多云
2023-12-23 04:00:00,-13.901234747763507,1,2023-12-23 07:22:00,2023-12-23 16:57:00,多云
2023-12-23 05:00:00,-14.044384105230957,1,2023-12-23 07:22:00,2023-12-23 16:57:00,多云
2023-12-23 06:00:00,-13.98221249301962,1,2023-12-23 07:22:00,2023-12-23 16:57:00,多云
2023-12-23 07:00:00,-14.152798766000792,1,2023-12-23 07:22:00,2023-12-23 16:57:00,多云
2023-12-23 08:00:00,-13.62011190541929,1,2023-12-23 07:22:00,2023-12-23 16:57:00,晴
2023-12-23 09:00:00,-11.063321946904614,1,2023-12-23 07:22:00,2023-12-23 16:57:00,晴
2023-12-23 10:00:00,-8.779104519371629,1,2023-12-23 07:22:00,2023-12-23 16:57:00,晴
2023-12-23 11:00:00,-7.054272178140392,1,2023-12-23 07:22:00,2023-12-23 16:57:00,晴
2023-12-23 12:00:00,-5.751142545525398,1,2023-12-23 07:22:00,2023-12-23 16:57:00,晴
2023-12-23 13:00:00,-3.9411022081962086,1,2023-12-23 07:22:00,2023-12-23 16:57:00,晴
2023-12-23 14:00:00,-3.119099783328528,1,2023-12-23 07:22:00,2023-12-23 16:57:00,晴
2023-12-23 15:00:00,-3.9879066587787753,2,2023-12-23 07:22:00,2023-12-23 16:57:00,晴
2023-12-23 16:00:00,-5.013191857220644,2,2023-12-23 07:22:00,2023-12-23 16:57:00,晴
2023-12-23 17:00:00,-6.223750808710241,2,2023-12-23 07:22:00,2023-12-23 16:57:00,晴
2023-12-23 18:00:00,-7.912612375551271,1,2023-12-23 07:22:00,2023-12-23 16:57:00,晴
2023-12-23 19:00:00,-9.26395375062188,1,2023-12-23 07:22:00,2023-12-23 16:57:00,晴
2023-12-23 20:00:00,-10.958467937656273,1,2023-12-23 07:22:00,2023-12-23 16:57:00,晴
2023-12-23 21:00:00,-12.157681064750797,1,2023-12-23 07:22:00,2023-12-23 16:57:00,晴
2023-12-23 22:00:00,-12.893291252868366,1,2023-12-23 07:22:00,2023-12-23 16:57:00,晴
2023-12-23 23:00:00,-13.151550380394655,1,2023-12-23 07:22:00,2023-12-23 16:57:00,晴
2023-12-24 00:00:00,-14.007184739735814,2,2023-12-24 07:22:00,2023-12-24 16:58:00,晴
2023-12-24 01:00:00,-15.168320274681088,2,2023-12-24 07:22:00,2023-12-24 16:58:00,多云
2023-12-24 02:00:00,-15.78657108748067,2,2023-12-24 07:22:00,2023-12-24 16:58:00,多云
2023-12-24 03:00:00,-15.130840399449582,2,2023-12-24 07:22:00,2023-12-24 16:58:00,多云
2023-12-24 04:00:00,-14.95507818090334,2,2023-12-24 07:22:00,2023-12-24 16:58:00,多云
2023-12-24 05:00:00,-14.946319441808113,2,2023-12-24 07:22:00,2023-12-24 16:58:00,多云
2023-12-24 06:00:00,-15.198615723744876,2,2023-12-24 07:22:00,2023-12-24 16:58:00,晴
2023-12-24 07:00:00,-15.95493099251571,1,2023-12-24 07:22:00,2023-12-24 16:58:00,晴
2023-12-24 08:00:00,-14.579154332934046,2,2023-12-24 07:22:00,2023-12-24 16:58:00,晴
2023-12-24 09:00:00,-11.146090880042417,2,2023-12-24 07:22:00,2023-12-24 16:58:00,晴
2023-12-24 10:00:00,-8.570922567158814,2,2023-12-24 07:22:00,2023-12-24 16:58:00,晴
2023-12-24 11:00:00,-6.08789113774695,2,2023-12-24 07:22:00,2023-12-24 16:58:00,晴
2023-12-24 12:00:00,-4.854381491127936,2,2023-12-24 07:22:00,2023-12-24 16:58:00,晴
2023-12-24 13:00:00,-3.9553023970421863,2,2023-12-24 07:22:00,2023-12-24 16:58:00,晴
2023-12-24 14:00:00,-2.8369915923910027,2,2023-12-24 07:22:00,2023-12-24 16:58:00,晴
2023-12-24 15:00:00,-2.1647313385925897,2,2023-12-24 07:22:00,2023-12-24 16:58:00,晴
2023-12-24 16:00:00,-2.984640599270075,2,2023-12-24 07:22:00,2023-12-24 16:58:00,晴
2023-12-24 17:00:00,-4.076804267656037,2,2023-12-24 07:22:00,2023-12-24 16:58:00,晴
2023-12-24 18:00:00,-5.009590865877351,2,2023-12-24 07:22:00,2023-12-24 16:58:00,晴
2023-12-24 19:00:00,-6.227959886302611,2,2023-12-24 07:22:00,2023-12-24 16:58:00,多云
2023-12-24 20:00:00,-7.974989810247596,2,2023-12-24 07:22:00,2023-12-24 16:58:00,多云
2023-12-24 21:00:00,-9.103521942202473,2,2023-12-24 07:22:00,2023-12-24 16:58:00,晴
2023-12-24 22:00:00,-10.114584816396306,2,2023-12-24 07:22:00,2023-12-24 16:58:00,晴
2023-12-24 23:00:00,-10.895899690149424,2,2023-12-24 07:22:00,2023-12-24 16:58:00,晴
2023-12-25 00:00:00,-11.207836611610007,2,2023-12-25 07:23:00,2023-12-25 16:59:00,多云
2023-12-25 01:00:00,-11.852828740792113,2,2023-12-25 07:23:00,2023-12-25 16:59:00,多云
2023-12-25 02:00:00,-12.20840256922197,2,2023-12-25 07:23:00,2023-12-25 16:59:00,晴
2023-12-25 03:00:00,-12.910976583904196,2,2023-12-25 07:23:00,2023-12-25 16:59:00,晴
2023-12-25 04:00:00,-12.984908594398172,2,2023-12-25 07:23:00,2023-12-25 16:59:00,多云
2023-12-25 05:00:00,-13.206393659546311,2,2023-12-25 07:23:00,2023-12-25 16:59:00,多云
2023-12-25 06:00:00,-13.84655264656487,2,2023-12-25 07:23:00,2023-12-25 16:59:00,晴
2023-12-25 07:00:00,-12.895935699891274,1,2023-12-25 07:23:00,2023-12-25 16:59:00,晴
2023-12-25 08:00:00,-10.947107476430425,2,2023-12-25 07:23:00,2023-12-25 16:59:00,晴
2023-12-25 09:00:00,-8.750361201297949,1,2023-12-25 07:23:00,2023-12-25 16:59:00,晴
2023-12-25 10:00:00,-5.791707252670531,1,2023-12-25 07:23:00,2023-12-25 16:59:00,晴
2023-12-25 11:00:00,-2.859600346050507,1,2023-12-25 07:23:00,2023-12-25 16:59:00,晴
2023-12-25 12:00:00,-0.9465102734245459,1,2023-12-25 07:23:00,2023-12-25 16:59:00,晴
2023-12-25 13:00:00,0.152276423476695,2,2023-12-25 07:23:00,2023-12-25 16:59:00,晴
2023-12-25 14:00:00,0.9469763876863172,2,2023-12-25 07:23:00,2023-12-25 16:59:00,晴
2023-12-25 15:00:00,1.0343559237754214,2,2023-12-25 07:23:00,2023-12-25 16:59:00,晴
2023-12-25 16:00:00,1.0459103014954445,2,2023-12-25 07:23:00,2023-12-25 16:59:00,晴
2023-12-25 17:00:00,0.8834746421452669,2,2023-12-25 07:23:00,2023-12-25 16:59:00,晴
2023-12-25 18:00:00,-0.02585604581689115,2,2023-12-25 07:23:00,2023-12-25 16:59:00,晴
2023-12-25 19:00:00,-1.1240254138353953,2,2023-12-25 07:23:00,2023-12-25 16:59:00,晴
2023-12-25 20:00:00,-1.9558147906470684,2,2023-12-25 07:23:00,2023-12-25 16:59:00,晴
2023-12-25 21:00:00,-1.9889365888089474,2,2023-12-25 07:23:00,2023-12-25 16:59:00,晴
2023-12-25 22:00:00,-2.103971084749873,2,2023-12-25 07:23:00,2023-12-25 16:59:00,晴
2023-12-25 23:00:00,-3.1449973042199724,2,2023-12-25 07:23:00,2023-12-25 16:59:00,晴
2023-12-26 00:00:00,-3.6792294740135136,2,2023-12-26 07:23:00,2023-12-26 16:59:00,晴
2023-12-26 01:00:00,-3.4655620612919558,2,2023-12-26 07:23:00,2023-12-26 16:59:00,多云
2023-12-26 02:00:00,-4.725476020913574,1,2023-12-26 07:23:00,2023-12-26 16:59:00,晴
2023-12-26 03:00:00,-5.263260567471922,1,2023-12-26 07:23:00,2023-12-26 16:59:00,晴
2023-12-26 04:00:00,-5.846191688437271,1,2023-12-26 07:23:00,2023-12-26 16:59:00,晴
2023-12-26 05:00:00,-6.266283193726661,1,2023-12-26 07:23:00,2023-12-26 16:59:00,晴
2023-12-26 06:00:00,-6.736663135968128,1,2023-12-26 07:23:00,2023-12-26 16:59:00,晴
2023-12-26 07:00:00,-6.170759404396382,1,2023-12-26 07:23:00,2023-12-26 16:59:00,晴
2023-12-26 08:00:00,-5.943563843083497,1,2023-12-26 07:23:00,2023-12-26 16:59:00,晴
2023-12-26 09:00:00,-4.632847287774527,1,2023-12-26 07:23:00,2023-12-26 16:59:00,晴
2023-12-26 10:00:00,-2.093493251525037,2,2023-12-26 07:23:00,2023-12-26 16:59:00,晴
2023-12-26 11:00:00,-0.8422969113876226,2,2023-12-26 07:23:00,2023-12-26 16:59:00,晴
2023-12-26 12:00:00,0.05926707275349613,2,2023-12-26 07:23:00,2023-12-26 16:59:00,晴
2023-12-26 13:00:00,1.1193599265710186,2,2023-12-26 07:23:00,2023-12-26 16:59:00,晴
2023-12-26 14:00:00,2.0040387169668117,2,2023-12-26 07:23:00,2023-12-26 16:59:00,晴
2023-12-26 15:00:00,1.9233359353286894,2,2023-12-26 07:23:00,2023-12-26 16:59:00,晴
2023-12-26 16:00:00,0.9057142522763432,2,2023-12-26 07:23:00,2023-12-26 16:59:00,晴
2023-12-26 17:00:00,0.09233560926137646,2,2023-12-26 07:23:00,2023-12-26 16:59:00,晴
2023-12-26 18:00:00,-0.15379673921341913,2,2023-12-26 07:23:00,2023-12-26 16:59:00,晴
2023-12-26 19:00:00,-1.0819329507394202,2,2023-12-26 07:23:00,2023-12-26 16:59:00,晴
2023-12-26 20:00:00,-1.958673316022774,2,2023-12-26 07:23:00,2023-12-26 16:59:00,晴
2023-12-26 21:00:00,-2.0382034769615314,2,2023-12-26 07:23:00,2023-12-26 16:59:00,晴
2023-12-26 22:00:00,-1.9956795577917412,2,2023-12-26 07:23:00,2023-12-26 16:59:00,晴
2023-12-26 23:00:00,-1.9999592245715447,2,2023-12-26 07:23:00,2023-12-26 16:59:00,晴
2023-12-27 00:00:00,-1.9998300729535055,2,2023-12-27 07:23:00,2023-12-27 17:00:00,晴
2023-12-27 01:00:00,-2.0002960623961665,2,2023-12-27 07:23:00,2023-12-27 17:00:00,晴
2023-12-27 02:00:00,-1.9999204208468209,2,2023-12-27 07:23:00,2023-12-27 17:00:00,晴
2023-12-27 03:00:00,-2.0041871422160877,2,2023-12-27 07:23:00,2023-12-27 17:00:00,晴
2023-12-27 04:00:00,-1.9449285110345989,2,2023-12-27 07:23:00,2023-12-27 17:00:00,晴
2023-12-27 05:00:00,-2.171798239644343,2,2023-12-27 07:23:00,2023-12-27 17:00:00,晴
2023-12-27 06:00:00,-2.9168406673524614,2,2023-12-27 07:23:00,2023-12-27 17:00:00,晴
2023-12-27 07:00:00,-3.037995420234996,2,2023-12-27 07:23:00,2023-12-27 17:00:00,晴
2023-12-27 08:00:00,-3.0424869035793884,2,2023-12-27 07:23:00,2023-12-27 17:00:00,晴
2023-12-27 09:00:00,-2.9297033467631435,2,2023-12-27 07:23:00,2023-12-27 17:00:00,晴
2023-12-27 10:00:00,-1.8478226387183314,2,2023-12-27 07:23:00,2023-12-27 17:00:00,晴
2023-12-27 11:00:00,0.22313368770830697,2,2023-12-27 07:23:00,2023-12-27 17:00:00,晴
2023-12-27 12:00:00,1.9152468608369957,2,2023-12-27 07:23:00,2023-12-27 17:00:00,晴
2023-12-27 13:00:00,2.0765125326747045,2,2023-12-27 07:23:00,2023-12-27 17:00:00,晴
2023-12-27 14:00:00,1.9819832664402486,2,2023-12-27 07:23:00,2023-12-27 17:00:00,晴
2023-12-27 15:00:00,2.110973065870087,2,2023-12-27 07:23:00,2023-12-27 17:00:00,晴
2023-12-27 16:00:00,1.6402131038298893,2,2023-12-27 07:23:00,2023-12-27 17:00:00,晴
2023-12-27 17:00:00,0.3295810470749496,2,2023-12-27 07:23:00,2023-12-27 17:00:00,晴
2023-12-27 18:00:00,-0.6138959508940628,1,2023-12-27 07:23:00,2023-12-27 17:00:00,多云
2023-12-27 19:00:00,-2.6398441912936037,1,2023-12-27 07:23:00,2023-12-27 17:00:00,多云
2023-12-27 20:00:00,-3.419386876542756,1,2023-12-27 07:23:00,2023-12-27 17:00:00,多云
2023-12-27 21:00:00,-4.997959755535043,1,2023-12-27 07:23:00,2023-12-27 17:00:00,多云
2023-12-27 22:00:00,-6.003501481509159,1,2023-12-27 07:23:00,2023-12-27 17:00:00,多云
2023-12-27 23:00:00,-6.037319897455055,1,2023-12-27 07:23:00,2023-12-27 17:00:00,多云
2023-12-28 00:00:00,-5.940430586808244,0,2023-12-28 07:24:00,2023-12-28 17:00:00,多云
2023-12-28 01:00:00,-6.178653971049861,1,2023-12-28 07:24:00,2023-12-28 17:00:00,多云
2023-12-28 02:00:00,-6.863334764902892,0,2023-12-28 07:24:00,2023-12-28 17:00:00,多云
2023-12-28 03:00:00,-7.2175351319175975,1,2023-12-28 07:24:00,2023-12-28 17:00:00,多云
2023-12-28 04:00:00,-7.910422641318452,1,2023-12-28 07:24:00,2023-12-28 17:00:00,多云
2023-12-28 05:00:00,-8.101563569575658,1,2023-12-28 07:24:00,2023-12-28 17:00:00,晴
2023-12-28 06:00:00,-7.756500272010348,1,2023-12-28 07:24:00,2023-12-28 17:00:00,晴
2023-12-28 07:00:00,-7.358038343892854,1,2023-12-28 07:24:00,2023-12-28 17:00:00,多云
2023-12-28 08:00:00,-7.633472846367727,1,2023-12-28 07:24:00,2023-12-28 17:00:00,晴
2023-12-28 09:00:00,-5.898426028771901,1,2023-12-28 07:24:00,2023-12-28 17:00:00,晴
2023-12-28 10:00:00,-4.057951454357982,1,2023-12-28 07:24:00,2023-12-28 17:00:00,晴
2023-12-28 11:00:00,-2.5285696044545496,1,2023-12-28 07:24:00,2023-12-28 17:00:00,晴
2023-12-28 12:00:00,-0.08114086731861256,1,2023-12-28 07:24:00,2023-12-28 17:00:00,晴
2023-12-28 13:00:00,1.1617624518103022,1,2023-12-28 07:24:00,2023-12-28 17:00:00,晴
2023-12-28 14:00:00,2.1210656670919374,1,2023-12-28 07:24:00,2023-12-28 17:00:00,晴
2023-12-28 15:00:00,3.0014453170510222,1,2023-12-28 07:24:00,2023-12-28 17:00:00,晴
2023-12-28 16:00:00,3.019227969142905,1,2023-12-28 07:24:00,2023-12-28 17:00:00,晴
2023-12-28 17:00:00,1.6516853643852218,1,2023-12-28 07:24:00,2023-12-28 17:00:00,晴
2023-12-28 18:00:00,-1.1066228520389876,1,2023-12-28 07:24:00,2023-12-28 17:00:00,晴
2023-12-28 19:00:00,-3.0887433750632916,1,2023-12-28 07:24:00,2023-12-28 17:00:00,晴
2023-12-28 20:00:00,-4.11324453916457,1,2023-12-28 07:24:00,2023-12-28 17:00:00,晴
2023-12-28 21:00:00,-5.135400569996993,1,2023-12-28 07:24:00,2023-12-28 17:00:00,晴
2023-12-28 22:00:00,-5.90704534341528,1,2023-12-28 07:24:00,2023-12-28 17:00:00,晴
2023-12-28 23:00:00,-6.15487688650732,1,2023-12-28 07:24:00,2023-12-28 17:00:00,晴
2023-12-29 00:00:00,-7.150422653220861,0,2023-12-29 07:24:00,2023-12-29 17:01:00,晴
2023-12-29 01:00:00,-7.781974838385025,1,2023-12-29 07:24:00,2023-12-29 17:01:00,晴
2023-12-29 02:00:00,-7.170935194555131,1,2023-12-29 07:24:00,2023-12-29 17:01:00,晴
2023-12-29 03:00:00,-6.784327494154783,1,2023-12-29 07:24:00,2023-12-29 17:01:00,晴
2023-12-29 04:00:00,-5.966458893137841,1,2023-12-29 07:24:00,2023-12-29 17:01:00,晴
2023-12-29 05:00:00,-6.370306273132202,1,2023-12-29 07:24:00,2023-12-29 17:01:00,多云
2023-12-29 06:00:00,-7.662170815369574,1,2023-12-29 07:24:00,2023-12-29 17:01:00,晴
2023-12-29 07:00:00,-7.2600945520647215,1,2023-12-29 07:24:00,2023-12-29 17:01:00,多云
2023-12-29 08:00:00,-6.755101802204849,1,2023-12-29 07:24:00,2023-12-29 17:01:00,晴
2023-12-29 09:00:00,-4.670869849647382,1,2023-12-29 07:24:00,2023-12-29 17:01:00,晴
2023-12-29 10:00:00,-2.0732073319847335,1,2023-12-29 07:24:00,2023-12-29 17:01:00,晴
2023-12-29 11:00:00,-0.7190710353733711,1,2023-12-29 07:24:00,2023-12-29 17:01:00,晴
2023-12-29 12:00:00,1.2928060245775517,2,2023-12-29 07:24:00,2023-12-29 17:01:00,晴
2023-12-29 13:00:00,2.6925160942374555,2,2023-12-29 07:24:00,2023-12-29 17:01:00,晴
2023-12-29 14:00:00,2.2706988604949827,2,2023-12-29 07:24:00,2023-12-29 17:01:00,晴
2023-12-29 15:00:00,3.1005140901655315,2,2023-12-29 07:24:00,2023-12-29 17:01:00,晴
2023-12-29 16:00:00,3.9011218971388377,2,2023-12-29 07:24:00,2023-12-29 17:01:00,晴
2023-12-29 17:00:00,2.7534026957877966,2,2023-12-29 07:24:00,2023-12-29 17:01:00,晴
2023-12-29 18:00:00,1.1077992502567002,1,2023-12-29 07:24:00,2023-12-29 17:01:00,多云
2023-12-29 19:00:00,0.9212024081651282,1,2023-12-29 07:24:00,2023-12-29 17:01:00,多云
2023-12-29 20:00:00,1.0087280044048004,1,2023-12-29 07:24:00,2023-12-29 17:01:00,多云
2023-12-29 21:00:00,0.9961484591478188,1,2023-12-29 07:24:00,2023-12-29 17:01:00,多云
2023-12-29 22:00:00,1.0557431711028282,1,2023-12-29 07:24:00,2023-12-29 17:01:00,多云
2023-12-29 23:00:00,0.8192357306256769,1,2023-12-29 07:24:00,2023-12-29 17:01:00,多云
2023-12-30 00:00:00,0.06749054764857836,1,2023-12-30 07:24:00,2023-12-30 17:02:00,多云
2023-12-30 01:00:00,0.07116308000021786,1,2023-12-30 07:24:00,2023-12-30 17:02:00,多云
2023-12-30 02:00:00,-0.36204033917048567,1,2023-12-30 07:24:00,2023-12-30 17:02:00,多云
2023-12-30 03:00:00,-1.7886452613868142,1,2023-12-30 07:24:00,2023-12-30 17:02:00,多云
2023-12-30 04:00:00,-2.3157844527394422,1,2023-12-30 07:24:00,2023-12-30 17:02:00,晴
2023-12-30 05:00:00,-2.790302054068939,1,2023-12-30 07:24:00,2023-12-30 17:02:00,晴
2023-12-30 06:00:00,-1.9308880290348034,1,2023-12-30 07:24:00,2023-12-30 17:02:00,晴
2023-12-30 07:00:00,-1.0853778534295753,1,2023-12-30 07:24:00,2023-12-30 17:02:00,多云
2023-12-30 08:00:00,-0.7814029575453064,1,2023-12-30 07:24:00,2023-12-30 17:02:00,多云
2023-12-30 09:00:00,-0.07512091984965201,1,2023-12-30 07:24:00,2023-12-30 17:02:00,多云
2023-12-30 10:00:00,-0.015298654353788093,1,2023-12-30 07:24:00,2023-12-30 17:02:00,多云
2023-12-30 11:00:00,0.17821212225994437,2,2023-12-30 07:24:00,2023-12-30 17:02:00,晴
2023-12-30 12:00:00,0.925125861388437,2,2023-12-30 07:24:00,2023-12-30 17:02:00,多云
2023-12-30 13:00:00,1.0410709087778502,2,2023-12-30 07:24:00,2023-12-30 17:02:00,多云
2023-12-30 14:00:00,0.9914595757351721,2,2023-12-30 07:24:00,2023-12-30 17:02:00,多云
2023-12-30 15:00:00,1.0562012855047345,2,2023-12-30 07:24:00,2023-12-30 17:02:00,多云
2023-12-30 16:00:00,0.8126356525752376,2,2023-12-30 07:24:00,2023-12-30 17:02:00,晴
2023-12-30 17:00:00,0.12656648150784264,2,2023-12-30 07:24:00,2023-12-30 17:02:00,多云
2023-12-30 18:00:00,-0.16803064933969397,2,2023-12-30 07:24:00,2023-12-30 17:02:00,多云
2023-12-30 19:00:00,-1.105364198238983,2,2023-12-30 07:24:00,2023-12-30 17:02:00,多云
2023-12-30 20:00:00,-1.9673233605558553,2,2023-12-30 07:24:00,2023-12-30 17:02:00,多云
2023-12-30 21:00:00,-2.0404059826508676,2,2023-12-30 07:24:00,2023-12-30 17:02:00,晴
2023-12-30 22:00:00,-1.9433615286714574,2,2023-12-30 07:24:00,2023-12-30 17:02:00,晴
2023-12-30 23:00:00,-2.1277000396354238,2,2023-12-30 07:24:00,2023-12-30 17:02:00,晴
2023-12-31 00:00:00,-3.1106908735782257,2,2023-12-31 07:25:00,2023-12-31 17:03:00,多云
2023-12-31 01:00:00,-3.9677368774252537,2,2023-12-31 07:25:00,2023-12-31 17:03:00,晴
2023-12-31 02:00:00,-4.036497164577832,2,2023-12-31 07:25:00,2023-12-31 17:03:00,多云
2023-12-31 03:00:00,-3.999401160173804,1,2023-12-31 07:25:00,2023-12-31 17:03:00,多云
2023-12-31 04:00:00,-3.94379966150686,1,2023-12-31 07:25:00,2023-12-31 17:03:00,多云
2023-12-31 05:00:00,-4.18025825997668,1,2023-12-31 07:25:00,2023-12-31 17:03:00,多云
2023-12-31 06:00:00,-4.983750341527782,1,2023-12-31 07:25:00,2023-12-31 17:03:00,多云
2023-12-31 07:00:00,-4.843049544442231,2,2023-12-31 07:25:00,2023-12-31 17:03:00,多云
2023-12-31 08:00:00,-4.2341400877568125,1,2023-12-31 07:25:00,2023-12-31 17:03:00,晴
2023-12-31 09:00:00,-3.454898704848553,2,2023-12-31 07:25:00,2023-12-31 17:03:00,晴
2023-12-31 10:00:00,-1.0927268498389338,2,2023-12-31 07:25:00,2023-12-31 17:03:00,晴
2023-12-31 11:00:00,0.23995958406319107,3,2023-12-31 07:25:00,2023-12-31 17:03:00,晴
2023-12-31 12:00:00,0.8981304577598834,3,2023-12-31 07:25:00,2023-12-31 17:03:00,晴
2023-12-31 13:00:00,1.2263645905944922,3,2023-12-31 07:25:00,2023-12-31 17:03:00,晴
2023-12-31 14:00:00,1.8585186701042953,3,2023-12-31 07:25:00,2023-12-31 17:03:00,晴
2023-12-31 15:00:00,2.3321020457977233,2,2023-12-31 07:25:00,2023-12-31 17:03:00,晴
2023-12-31 16:00:00,2.6604102600353046,2,2023-12-31 07:25:00,2023-12-31 17:03:00,晴
2023-12-31 17:00:00,0.8630631179276935,2,2023-12-31 07:25:00,2023-12-31 17:03:00,晴
2023-12-31 18:00:00,-1.0690389125570268,1,2023-12-31 07:25:00,2023-12-31 17:03:00,晴
2023-12-31 19:00:00,-2.2514577729372367,2,2023-12-31 07:25:00,2023-12-31 17:03:00,晴
2023-12-31 20:00:00,-2.6553087513587754,1,2023-12-31 07:25:00,2023-12-31 17:03:00,晴
2023-12-31 21:00:00,-2.4561835380733115,1,2023-12-31 07:25:00,2023-12-31 17:03:00,晴
2023-12-31 22:00:00,-4.295598600688589,1,2023-12-31 07:25:00,2023-12-31 17:03:00,晴
2023-12-31 23:00:00,-2.762109076385329,1,2023-12-31 07:25:00,2023-12-31 17:03:00,晴
